Hollywood,"""Hollywood"",",""""
Screen,"""Screen"",",""""
Play,"""Play"",",""""
Marble,"""Marble"",",""""
Dinosaur,"""Dinosaur"",",""""
Cat,"""Cat"",",""""
Pitch,"""Pitch"",",""""
Bond,"""Bond"",",""""
Greece,"""Greece"",",""""
Deck,"""Deck"",",""""
Spike,"""Spike"",",""""
Center,"""Center"",",""""
Vacuum,"""Vacuum"",",""""
Unicorn,"""Unicorn"",",""""
Undertaker,"""Undertaker"",",""""
Sock,"""Sock"",",""""
Loch Ness,"""Loch Ness"",",""""
Horse,"""Horse"",",""""
Berlin,"""Berlin"",",""""
Platypus,"""Platypus"",",""""
Port,"""Port"",",""""
Chest,"""Chest"",",""""
Box,"""Box"",",""""
Compound,"""Compound"",",""""
Ship,"""Ship"",",""""
Watch,"""Watch"",",""""
Space,"""Space"",",""""
Flute,"""Flute"",",""""
Tower,"""Tower"",",""""
Death,"""Death"",",""""
Well,"""Well"",",""""
Fair,"""Fair"",",""""
Tooth,"""Tooth"",",""""
Staff,"""Staff"",",""""
Bill,"""Bill"",",""""
Shot,"""Shot"",",""""
King,"""King"",",""""
Pan,"""Pan"",",""""
Square,"""Square"",",""""
Buffalo,"""Buffalo"",",""""
Scientist,"""Scientist"",",""""
Chick,"""Chick"",",""""
Atlantis,"""Atlantis"",",""""
Spy,"""Spy"",",""""
Mail,"""Mail"",",""""
Nut,"""Nut"",",""""
Log,"""Log"",",""""
Pirate,"""Pirate"",",""""
Face,"""Face"",",""""
Stick,"""Stick"",",""""
Disease,"""Disease"",",""""
Yard,"""Yard"",",""""
Mount,"""Mount"",",""""
Slug,"""Slug"",",""""
Dice,"""Dice"",",""""
Lead,"""Lead"",",""""
Hook,"""Hook"",",""""
Carrot,"""Carrot"",",""""
Poison,"""Poison"",",""""
Stock,"""Stock"",",""""
Foot,"""Foot"",",""""
Torch,"""Torch"",",""""
Arm,"""Arm"",",""""
Figure,"""Figure"",",""""
Mine,"""Mine"",",""""
Suit,"""Suit"",",""""
Crane,"""Crane"",",""""
Beijing,"""Beijing"",",""""
Mass,"""Mass"",",""""
Microscope,"""Microscope"",",""""
Engine,"""Engine"",",""""
China,"""China"",",""""
Straw,"""Straw"",",""""
Pants,"""Pants"",",""""
Europe,"""Europe"",",""""
Boot,"""Boot"",",""""
Princess,"""Princess"",",""""
Link,"""Link"",",""""
Luck,"""Luck"",",""""
Olive,"""Olive"",",""""
Palm,"""Palm"",",""""
Teacher,"""Teacher"",",""""
Thumb,"""Thumb"",",""""
Octopus,"""Octopus"",",""""
Hood,"""Hood"",",""""
Tie,"""Tie"",",""""
Doctor,"""Doctor"",",""""
Wake,"""Wake"",",""""
Cricket,"""Cricket"",",""""
Millionaire,"""Millionaire"",",""""
New York,"""New York"",",""""
State,"""State"",",""""
Bermuda,"""Bermuda"",",""""
Park,"""Park"",",""""
Turkey,"""Turkey"",",""""
Chocolate,"""Chocolate"",",""""
Trip,"""Trip"",",""""
Racket,"""Racket"",",""""
Bat,"""Bat"",",""""
Jet,"""Jet"",",""""
Shakespeare,"""Shakespeare"",",""""
Bolt,"""Bolt"",",""""
Switch,"""Switch"",",""""
Wall,"""Wall"",",""""
Soul,"""Soul"",",""""
Ghost,"""Ghost"",",""""
Time,"""Time"",",""""
Dance,"""Dance"",",""""
Amazon,"""Amazon"",",""""
Grace,"""Grace"",",""""
Moscow,"""Moscow"",",""""
Pumpkin,"""Pumpkin"",",""""
Antarctica,"""Antarctica"",",""""
Whip,"""Whip"",",""""
Heart,"""Heart"",",""""
Table,"""Table"",",""""
Ball,"""Ball"",",""""
Fighter,"""Fighter"",",""""
Cold,"""Cold"",",""""
Day,"""Day"",",""""
Spring,"""Spring"",",""""
Match,"""Match"",",""""
Diamond,"""Diamond"",",""""
Centaur,"""Centaur"",",""""
March,"""March"",",""""
Roulette,"""Roulette"",",""""
Dog,"""Dog"",",""""
Cross,"""Cross"",",""""
Wave,"""Wave"",",""""
Duck,"""Duck"",",""""
Wind,"""Wind"",",""""
Spot,"""Spot"",",""""
Skyscraper,"""Skyscraper"",",""""
Paper,"""Paper"",",""""
Apple,"""Apple"",",""""
Oil,"""Oil"",",""""
Cook,"""Cook"",",""""
Fly,"""Fly"",",""""
Cast,"""Cast"",",""""
Bear,"""Bear"",",""""
Pin,"""Pin"",",""""
Thief,"""Thief"",",""""
Trunk,"""Trunk"",",""""
America,"""America"",",""""
Novel,"""Novel"",",""""
Cell,"""Cell"",",""""
Bow,"""Bow"",",""""
Model,"""Model"",",""""
Knife,"""Knife"",",""""
Knight,"""Knight"",",""""
Court,"""Court"",",""""
Iron,"""Iron"",",""""
Whale,"""Whale"",",""""
Shadow,"""Shadow"",",""""
Contract,"""Contract"",",""""
Mercury,"""Mercury"",",""""
Conductor,"""Conductor"",",""""
Seal,"""Seal"",",""""
Car,"""Car"",",""""
Ring,"""Ring"",",""""
Kid,"""Kid"",",""""
Piano,"""Piano"",",""""
Laser,"""Laser"",",""""
Sound,"""Sound"",",""""
Pole,"""Pole"",",""""
Superhero,"""Superhero"",",""""
Revolution,"""Revolution"",",""""
Pit,"""Pit"",",""""
Gas,"""Gas"",",""""
Glass,"""Glass"",",""""
Washington,"""Washington"",",""""
Bark,"""Bark"",",""""
Snow,"""Snow"",",""""
Ivory,"""Ivory"",",""""
Pipe,"""Pipe"",",""""
Cover,"""Cover"",",""""
Degree,"""Degree"",",""""
Tokyo,"""Tokyo"",",""""
Church,"""Church"",",""""
Pie,"""Pie"",",""""
Tube,"""Tube"",",""""
Block,"""Block"",",""""
Comic,"""Comic"",",""""
Fish,"""Fish"",",""""
Bridge,"""Bridge"",",""""
Moon,"""Moon"",",""""
Part,"""Part"",",""""
Aztec,"""Aztec"",",""""
Smuggler,"""Smuggler"",",""""
Train,"""Train"",",""""
Embassy,"""Embassy"",",""""
Pupil,"""Pupil"",",""""
Scuba Diver,"""Scuba Diver"",",""""
Ice,"""Ice"",",""""
Tap,"""Tap"",",""""
Code,"""Code"",",""""
Shoe,"""Shoe"",",""""
Server,"""Server"",",""""
Club,"""Club"",",""""
Row,"""Row"",",""""
Pyramid,"""Pyramid"",",""""
Bug,"""Bug"",",""""
Penguin,"""Penguin"",",""""
Pound,"""Pound"",",""""
Himalayas,"""Himalayas"",",""""
Czech,"""Czech"",",""""
Rome,"""Rome"",",""""
Eye,"""Eye"",",""""
Board,"""Board"",",""""
Bed,"""Bed"",",""""
Point,"""Point"",",""""
France,"""France"",",""""
Mammoth,"""Mammoth"",",""""
Cotton,"""Cotton"",",""""
Robin,"""Robin"",",""""
Net,"""Net"",",""""
Bugle,"""Bugle"",",""""
Maple,"""Maple"",",""""
England,"""England"",",""""
Field,"""Field"",",""""
Robot,"""Robot"",",""""
Plot,"""Plot"",",""""
Africa,"""Africa"",",""""
Tag,"""Tag"",",""""
Mouth,"""Mouth"",",""""
Kiwi,"""Kiwi"",",""""
Mole,"""Mole"",",""""
School,"""School"",",""""
Sink,"""Sink"",",""""
Pistol,"""Pistol"",",""""
Opera,"""Opera"",",""""
Mint,"""Mint"",",""""
Root,"""Root"",",""""
Sub,"""Sub"",",""""
Crown,"""Crown"",",""""
Back,"""Back"",",""""
Plane,"""Plane"",",""""
Mexico,"""Mexico"",",""""
Cloak,"""Cloak"",",""""
Circle,"""Circle"",",""""
Tablet,"""Tablet"",",""""
Australia,"""Australia"",",""""
Green,"""Green"",",""""
Egypt,"""Egypt"",",""""
Line,"""Line"",",""""
Lawyer,"""Lawyer"",",""""
Witch,"""Witch"",",""""
Parachute,"""Parachute"",",""""
Crash,"""Crash"",",""""
Gold,"""Gold"",",""""
Note,"""Note"",",""""
Lion,"""Lion"",",""""
Plastic,"""Plastic"",",""""
Web,"""Web"",",""""
Ambulance,"""Ambulance"",",""""
Hospital,"""Hospital"",",""""
Spell,"""Spell"",",""""
Lock,"""Lock"",",""""
Water,"""Water"",",""""
London,"""London"",",""""
Casino,"""Casino"",",""""
Cycle,"""Cycle"",",""""
Bar,"""Bar"",",""""
Cliff,"""Cliff"",",""""
Round,"""Round"",",""""
Bomb,"""Bomb"",",""""
Giant,"""Giant"",",""""
Hand,"""Hand"",",""""
Ninja,"""Ninja"",",""""
Rose,"""Rose"",",""""
Slip,"""Slip"",",""""
Limousine,"""Limousine"",",""""
Pass,"""Pass"",",""""
Theater,"""Theater"",",""""
Plate,"""Plate"",",""""
Satellite,"""Satellite"",",""""
Ketchup,"""Ketchup"",",""""
Hotel,"""Hotel"",",""""
Tail,"""Tail"",",""""
Tick,"""Tick"",",""""
Ground,"""Ground"",",""""
Police,"""Police"",",""""
Dwarf,"""Dwarf"",",""""
Fan,"""Fan"",",""""
Dress,"""Dress"",",""""
Saturn,"""Saturn"",",""""
Grass,"""Grass"",",""""
Brush,"""Brush"",",""""
Chair,"""Chair"",",""""
Rock,"""Rock"",",""""
Pilot,"""Pilot"",",""""
Telescope,"""Telescope"",",""""
File,"""File"",",""""
Lab,"""Lab"",",""""
India,"""India"",",""""
Ruler,"""Ruler"",",""""
Nail,"""Nail"",",""""
Swing,"""Swing"",",""""
Olympus,"""Olympus"",",""""
Change,"""Change"",",""""
Date,"""Date"",",""""
Stream,"""Stream"",",""""
Missile,"""Missile"",",""""
Scale,"""Scale"",",""""
Band,"""Band"",",""""
Angel,"""Angel"",",""""
Press,"""Press"",",""""
Berry,"""Berry"",",""""
Card,"""Card"",",""""
Check,"""Check"",",""""
Draft,"""Draft"",",""""
Head,"""Head"",",""""
Lap,"""Lap"",",""""
Orange,"""Orange"",",""""
Ice Cream,"""Ice Cream"",",""""
Film,"""Film"",",""""
Washer,"""Washer"",",""""
Pool,"""Pool"",",""""
Shark,"""Shark"",",""""
Van,"""Van"",",""""
String,"""String"",",""""
Calf,"""Calf"",",""""
Hawk,"""Hawk"",",""""
Eagle,"""Eagle"",",""""
Needle,"""Needle"",",""""
Forest,"""Forest"",",""""
Dragon,"""Dragon"",",""""
Key,"""Key"",",""""
Belt,"""Belt"",",""""
Cap,"""Cap"",",""""
Drill,"""Drill"",",""""
Glove,"""Glove"",",""""
Paste,"""Paste"",",""""
Fall,"""Fall"",",""""
Fire,"""Fire"",",""""
Spider,"""Spider"",",""""
Spine,"""Spine"",",""""
Soldier,"""Soldier"",",""""
Horn,"""Horn"",",""""
Queen,"""Queen"",",""""
Ham,"""Ham"",",""""
Litter,"""Litter"",",""""
Life,"""Life"",",""""
Temple,"""Temple"",",""""
Rabbit,"""Rabbit"",",""""
Button,"""Button"",",""""
Game,"""Game"",",""""
Star,"""Star"",",""""
Jupiter,"""Jupiter"",",""""
Vet,"""Vet"",",""""
Night,"""Night"",",""""
Air,"""Air"",",""""
Battery,"""Battery"",",""""
Genius,"""Genius"",",""""
Shop,"""Shop"",",""""
Bottle,"""Bottle"",",""""
Stadium,"""Stadium"",",""""
Alien,"""Alien"",",""""
Light,"""Light"",",""""
Triangle,"""Triangle"",",""""
Lemon,"""Lemon"",",""""
Nurse,"""Nurse"",",""""
Drop,"""Drop"",",""""
Track,"""Track"",",""""
Bank,"""Bank"",",""""
Germany,"""Germany"",",""""
Worm,"""Worm"",",""""
Ray,"""Ray"",",""""
Capital,"""Capital"",",""""
Strike,"""Strike"",",""""
War,"""War"",",""""
Concert,"""Concert"",",""""
Honey,"""Honey"",",""""
Canada,"""Canada"",",""""
Buck,"""Buck"",",""""
Snowman,"""Snowman"",",""""
Beat,"""Beat"",",""""
Jam,"""Jam"",",""""
Copper,"""Copper"",",""""
Beach,"""Beach"",",""""
Bell,"""Bell"",",""""
Leprechaun,"""Leprechaun"",",""""
Pheonix,"""Pheonix"",",""""
Force,"""Force"",",""""
Boom,"""Boom"",",""""
Fork,"""Fork"",",""""
Alps,"""Alps"",",""""
Post,"""Post"",",""""
Fence,"""Fence"",",""""
Kangaroo,"""Kangaroo"",",""""
Mouse,"""Mouse"",",""""
Mug,"""Mug"",",""""
Horseshoe,"""Horseshoe"",",""""
Scorpion,"""Scorpion"",",""""
Agent,"""Agent"",",""""
Helicopter,"""Helicopter"",",""""
Hole,"""Hole"",",""""
Organ,"""Organ"",",""""
Jack,"""Jack"",",""""
Charge,"""Charge"",",""""
